tier,M,ef_construction,ef_search,k,recall,ndcg,query_latency_ms
100k,16,40,10,10,0.04317974548948054,0.21772838978839337,0.5383544224682019
100k,16,40,10,50,0.11423244672367483,0.1443789892698304,0.5383544224682019
100k,16,40,10,100,0.16189198533916746,0.14780607333139822,0.5383544224682019
100k,16,40,10,300,0.21390640923836324,0.17597877891398692,0.5383544224682019
100k,16,40,10,500,0.21390640923836324,0.17597877891398692,0.5383544224682019
100k,16,40,10,1000,0.21390640923836324,0.17597877891398692,0.5383544224682019
100k,16,40,50,10,0.04533308303416984,0.22813331710307586,0.3286302074373357
100k,16,40,50,50,0.12391587575662706,0.16038795183291227,0.3286302074373357
100k,16,40,50,100,0.16331794867691934,0.15532700616385287,0.3286302074373357
100k,16,40,50,300,0.2971748263224301,0.22365489511331155,0.3286302074373357
100k,16,40,50,500,0.3677881153561826,0.25543192634010414,0.3286302074373357
100k,16,40,50,1000,0.3723477600820323,0.2573151057751178,0.3286302074373357
100k,16,40,100,10,0.04533308303416984,0.22748707068289864,0.45652331410613106
100k,16,40,100,50,0.12669801240364345,0.1639175531970994,0.45652331410613106
100k,16,40,100,100,0.16173997363919976,0.15539738574665998,0.45652331410613106
100k,16,40,100,300,0.31209140952095854,0.23225371623232224,0.45652331410613106
100k,16,40,100,500,0.423156848207751,0.2800264897120226,0.45652331410613106
100k,16,40,100,1000,0.5167980119291024,0.31785408479658506,0.45652331410613106
100k,16,40,200,10,0.04533308303416984,0.22748707068289864,0.7064874195126131
100k,16,40,200,50,0.13082788478455723,0.1680571675856143,0.7064874195126131
100k,16,40,200,100,0.16117141430224483,0.1559111661626893,0.7064874195126131
100k,16,40,200,300,0.3196811469098582,0.2363390997218219,0.7064874195126131
100k,16,40,200,500,0.440309399156188,0.2881326187141731,0.7064874195126131
100k,16,40,200,1000,0.6443062198026361,0.368987869432521,0.7064874195126131
100k,16,40,500,10,0.04533308303416984,0.22748707068289864,1.1263545280886127
100k,16,40,500,50,0.13082788478455723,0.16805352604085882,1.1263545280886127
100k,16,40,500,100,0.16117141430224483,0.15595594979525518,1.1263545280886127
100k,16,40,500,300,0.3167669124757649,0.23559125041911244,1.1263545280886127
100k,16,40,500,500,0.44369977348972667,0.2901966562768549,1.1263545280886127
100k,16,40,500,1000,0.734951666605661,0.4052043014507379,1.1263545280886127
100k,16,40,1000,10,0.04533308303416984,0.22748707068289864,1.797022942858013
100k,16,40,1000,50,0.13082788478455723,0.16804593420856792,1.797022942858013
100k,16,40,1000,100,0.16941119182825162,0.15865560992068364,1.797022942858013
100k,16,40,1000,300,0.32358421489508604,0.23758752596542668,1.797022942858013
100k,16,40,1000,500,0.45398122116885875,0.29369394175911645,1.797022942858013
100k,16,40,1000,1000,0.7440034962493811,0.40810709447283416,1.797022942858013
100k,32,200,10,10,0.043170141433593046,0.21520524124161647,0.2533898422322971
100k,32,200,10,50,0.11464855866419388,0.14600377572698603,0.2533898422322971
100k,32,200,10,100,0.1614995496330537,0.14735047823428227,0.2533898422322971
100k,32,200,10,300,0.2641542967381226,0.19955921732845366,0.2533898422322971
100k,32,200,10,500,0.2671353265484207,0.20095073909488564,0.2533898422322971
100k,32,200,10,1000,0.2671353265484207,0.20095073909488564,0.2533898422322971
100k,32,200,50,10,0.04533308303416984,0.22555644115396808,0.5183381037664061
100k,32,200,50,50,0.12722298211692923,0.16291715876556054,0.5183381037664061
100k,32,200,50,100,0.17052866234614975,0.15759342469703205,0.5183381037664061
100k,32,200,50,300,0.32397923074497625,0.2359721811042654,0.5183381037664061
100k,32,200,50,500,0.4451917050858065,0.2887857815554128,0.5183381037664061
100k,32,200,50,1000,0.5185840031211226,0.3196933903482582,0.5183381037664061
100k,32,200,100,10,0.04533308303416984,0.22555644115396808,0.7523564257242373
100k,32,200,100,50,0.13010690425103164,0.1662772826524753,0.7523564257242373
100k,32,200,100,100,0.16709531496298757,0.1563546256814745,0.7523564257242373
100k,32,200,100,300,0.3314081651549272,0.23960155740789194,0.7523564257242373
100k,32,200,100,500,0.4460618765415679,0.2896670295016133,0.7523564257242373
100k,32,200,100,1000,0.6466036483836997,0.370718510464841,0.7523564257242373
100k,32,200,200,10,0.04533308303416984,0.22555644115396808,1.194961635567444
100k,32,200,200,50,0.13082788478455723,0.16717364731703352,1.194961635567444
100k,32,200,200,100,0.17013217236177722,0.1583848352762626,1.194961635567444
100k,32,200,200,300,0.32485375473708444,0.2376530778874011,1.194961635567444
100k,32,200,200,500,0.4537633935336184,0.2931504143268258,1.194961635567444
100k,32,200,200,1000,0.7307082511940524,0.40367938161663924,1.194961635567444
100k,32,200,500,10,0.04533308303416984,0.22555644115396808,2.1113028418958972
100k,32,200,500,50,0.13082788478455723,0.16717364731703352,2.1113028418958972
100k,32,200,500,100,0.17013217236177722,0.15838083924948715,2.1113028418958972
100k,32,200,500,300,0.32502617596213723,0.23768025763873943,2.1113028418958972
100k,32,200,500,500,0.45637386415763087,0.2941940548244039,2.1113028418958972
100k,32,200,500,1000,0.7532878082953085,0.41129998520179845,2.1113028418958972
100k,32,200,1000,10,0.04533308303416984,0.22555644115396808,3.35124020899744
100k,32,200,1000,50,0.13082788478455723,0.16717364731703352,3.35124020899744
100k,32,200,1000,100,0.17013217236177722,0.15838083924948715,3.35124020899744
100k,32,200,1000,300,0.32502617596213723,0.23766715709315922,3.35124020899744
100k,32,200,1000,500,0.4552296993979055,0.2936863958201172,3.35124020899744
100k,32,200,1000,1000,0.7496604268108803,0.4097641645860116,3.35124020899744
200k,16,40,10,10,0.0399904353229394,0.1950928345929341,0.19738084550848917
200k,16,40,10,50,0.10184146023990931,0.1310989927725997,0.19738084550848917
200k,16,40,10,100,0.14056164722706505,0.1294783361785879,0.19738084550848917
200k,16,40,10,300,0.1919676528047638,0.15766610205853135,0.19738084550848917
200k,16,40,10,500,0.1919676528047638,0.15766610205853135,0.19738084550848917
200k,16,40,10,1000,0.1919676528047638,0.15766610205853135,0.19738084550848917
200k,16,40,50,10,0.04448418659953486,0.22185298658228927,0.3441571561301029
200k,16,40,50,50,0.11299731459265323,0.15164475847939315,0.3441571561301029
200k,16,40,50,100,0.16158104681485444,0.1500242172872586,0.3441571561301029
200k,16,40,50,300,0.2794978880747456,0.21120403832083792,0.3441571561301029
200k,16,40,50,500,0.3450808677389869,0.2408419275445599,0.3441571561301029
200k,16,40,50,1000,0.35145233368455253,0.24365897471944525,0.3441571561301029
200k,16,40,100,10,0.04448418659953486,0.22185298658228927,0.48896715835374044
200k,16,40,100,50,0.1252560513365923,0.16100805057931206,0.48896715835374044
200k,16,40,100,100,0.16860198929717793,0.15551409977394867,0.48896715835374044
200k,16,40,100,300,0.3010637773510843,0.22343747450910628,0.48896715835374044
200k,16,40,100,500,0.4077443855183959,0.2697060493128466,0.48896715835374044
200k,16,40,100,1000,0.49439954106385864,0.3060536384290571,0.48896715835374044
200k,16,40,200,10,0.04448418659953486,0.22185298658228927,0.7364156266894976
200k,16,40,200,50,0.12650200158340363,0.16172978832423998,0.7364156266894976
200k,16,40,200,100,0.17121017320227858,0.15714291737747343,0.7364156266894976
200k,16,40,200,300,0.3096046090069118,0.2277962115376387,0.7364156266894976
200k,16,40,200,500,0.4355880992923352,0.2824836191860049,0.7364156266894976
200k,16,40,200,1000,0.6412910724243976,0.36500182619980365,0.7364156266894976
200k,16,40,500,10,0.04448418659953486,0.22185298658228927,1.2725717954852276
200k,16,40,500,50,0.12938592371750604,0.1652220569739761,1.2725717954852276
200k,16,40,500,100,0.16930940634116565,0.15731916285917066,1.2725717954852276
200k,16,40,500,300,0.3131490791120742,0.2309850350415472,1.2725717954852276
200k,16,40,500,500,0.4329669034269231,0.28398591520083016,1.2725717954852276
200k,16,40,500,1000,0.6843609239054077,0.383065903896218,1.2725717954852276
200k,16,40,1000,10,0.04448418659953486,0.22185298658228927,2.059921841320925
200k,16,40,1000,50,0.13010690425103164,0.16611678468828842,2.059921841320925
200k,16,40,1000,100,0.17003038687469124,0.15797625320886302,2.059921841320925
200k,16,40,1000,300,0.3184705991491864,0.23353472926901744,2.059921841320925
200k,16,40,1000,500,0.43485903551452343,0.2857174008378367,2.059921841320925
200k,16,40,1000,1000,0.7050576978996113,0.391255346553595,2.059921841320925
200k,32,200,10,10,0.043763206066009266,0.21885951608039422,0.27732999909571127
200k,32,200,10,50,0.12151489285480578,0.1502193428033618,0.27732999909571127
200k,32,200,10,100,0.1640543689361321,0.14795712674950093,0.27732999909571127
200k,32,200,10,300,0.2755319147981714,0.20337824331084786,0.27732999909571127
200k,32,200,10,500,0.2821753691148207,0.20650678319654256,0.27732999909571127
200k,32,200,10,1000,0.2821753691148207,0.20650678319654256,0.27732999909571127
200k,32,200,50,10,0.04448418659953486,0.22185298658228927,0.5647618412407801
200k,32,200,50,50,0.12599008129153916,0.1619988486261963,0.5647618412407801
200k,32,200,50,100,0.1679144802633174,0.1558056330418724,0.5647618412407801
200k,32,200,50,300,0.3067897932527936,0.22697799300790747,0.5647618412407801
200k,32,200,50,500,0.416737307278257,0.27399773763428376,0.5647618412407801
200k,32,200,50,1000,0.5169074917052082,0.31495444930462574,0.5647618412407801
200k,32,200,100,10,0.04448418659953486,0.22185298658228927,0.8347833155360269
200k,32,200,100,50,0.12824175895778062,0.16442905897297996,0.8347833155360269
200k,32,200,100,100,0.16601534940228474,0.15508016211517392,0.8347833155360269
200k,32,200,100,300,0.3173686657831944,0.2324427219421439,0.8347833155360269
200k,32,200,100,500,0.4313755275867381,0.28252862719546346,0.8347833155360269
200k,32,200,100,1000,0.6395511422768498,0.3646549069045497,0.8347833155360269
200k,32,200,200,10,0.04448418659953486,0.22185298658228927,1.2504438912544988
200k,32,200,200,50,0.12938592371750604,0.16520654760610967,1.2504438912544988
200k,32,200,200,100,0.16869021129472603,0.1568498548966583,1.2504438912544988
200k,32,200,200,300,0.31290453543942487,0.23065045162763662,1.2504438912544988
200k,32,200,200,500,0.43597825498487647,0.2848351038121608,1.2504438912544988
200k,32,200,200,1000,0.7054334588835982,0.3905805794399937,1.2504438912544988
200k,32,200,500,10,0.04448418659953486,0.22185298658228927,2.183873212504152
200k,32,200,500,50,0.12938592371750604,0.16520654760610967,2.183873212504152
200k,32,200,500,100,0.16869021129472603,0.15684167401824048,2.183873212504152
200k,32,200,500,300,0.31704812404250077,0.23256031336004435,2.183873212504152
200k,32,200,500,500,0.43271557987431225,0.2843927594134264,2.183873212504152
200k,32,200,500,1000,0.7023382259902464,0.38996314510611235,2.183873212504152
200k,32,200,1000,10,0.04448418659953486,0.22185298658228927,3.6024308907431797
200k,32,200,1000,50,0.13010690425103164,0.16611678468828842,3.6024308907431797
200k,32,200,1000,100,0.16941119182825162,0.15753445596212048,3.6024308907431797
200k,32,200,1000,300,0.3177691045760264,0.2332390150261526,3.6024308907431797
200k,32,200,1000,500,0.4328173653613982,0.2847485287820148,3.6024308907431797
200k,32,200,1000,1000,0.7031609920108579,0.39071855913693054,3.6024308907431797
300k,16,40,10,10,0.041728180366541856,0.20759195216619203,0.20313226789432137
300k,16,40,10,50,0.09410820262345414,0.13100288333394508,0.20313226789432137
300k,16,40,10,100,0.13924354472629033,0.13262845219936126,0.20313226789432137
300k,16,40,10,300,0.1810814345564249,0.1555484094856218,0.20313226789432137
300k,16,40,10,500,0.1810814345564249,0.1555484094856218,0.20313226789432137
300k,16,40,10,1000,0.1810814345564249,0.1555484094856218,0.20313226789432137
300k,16,40,50,10,0.04448418659953486,0.22185298658228927,0.36314841494650435
300k,16,40,50,50,0.11930113088117066,0.15270481806722686,0.36314841494650435
300k,16,40,50,100,0.1671408209314416,0.1509387429845359,0.36314841494650435
300k,16,40,50,300,0.28809131506989005,0.21305068689109138,0.36314841494650435
300k,16,40,50,500,0.3471421049204766,0.2395617035636101,0.36314841494650435
300k,16,40,50,1000,0.3601927122232456,0.24515726971776106,0.36314841494650435
300k,16,40,100,10,0.04448418659953486,0.22185298658228927,0.5062393718521649
300k,16,40,100,50,0.12030136903311159,0.1541499932958041,0.5062393718521649
300k,16,40,100,100,0.1682774970650007,0.15232421660826348,0.5062393718521649
300k,16,40,100,300,0.29793411971241107,0.21931528554051094,0.5062393718521649
300k,16,40,100,500,0.3885121804337023,0.2593432716788919,0.5062393718521649
300k,16,40,100,1000,0.4681166761654585,0.2924089140688183,0.5062393718521649
300k,16,40,200,10,0.04448418659953486,0.22185298658228927,0.7807445286552569
300k,16,40,200,50,0.12462725223426516,0.15970863513161943,0.7807445286552569
300k,16,40,200,100,0.16829458725094049,0.15505555319233577,0.7807445286552569
300k,16,40,200,300,0.30036239603141957,0.22255580502939457,0.7807445286552569
300k,16,40,200,500,0.4072525192648106,0.269447201741608,0.7807445286552569
300k,16,40,200,1000,0.5980112297043906,0.3456799936181789,0.7807445286552569
300k,16,40,500,10,0.04448418659953486,0.22185298658228927,1.3641414698213339
300k,16,40,500,50,0.12679019383484194,0.16254079641032507,1.3641414698213339
300k,16,40,500,100,0.16869021129472603,0.15633601692694324,1.3641414698213339
300k,16,40,500,300,0.3072673595886441,0.22707289600726904,1.3641414698213339
300k,16,40,500,500,0.4210118210057329,0.2780408672265622,1.3641414698213339
300k,16,40,500,1000,0.6563842984179749,0.3712315268237501,1.3641414698213339
300k,16,40,1000,10,0.04448418659953486,0.22185298658228927,2.217146944818332
300k,16,40,1000,50,0.12679019383484194,0.16251720276819198,2.217146944818332
300k,16,40,1000,100,0.16869021129472603,0.15629900198845897,2.217146944818332
300k,16,40,1000,300,0.30470071972223306,0.2258600009581304,2.217146944818332
300k,16,40,1000,500,0.421942027262713,0.27832752141536304,2.217146944818332
300k,16,40,1000,1000,0.6611443107064009,0.37312464745977697,2.217146944818332
300k,32,200,10,10,0.04305182958837116,0.21812487113974455,1.0990266822964738
300k,32,200,10,50,0.09719235505542637,0.13821613964117688,1.0990266822964738
300k,32,200,10,100,0.1388958165548738,0.13635598574812127,1.0990266822964738
300k,32,200,10,300,0.22763990194348818,0.18107070597094269,1.0990266822964738
300k,32,200,10,500,0.2360912749643255,0.18495147633286346,1.0990266822964738
300k,32,200,10,1000,0.2360912749643255,0.18495147633286346,1.0990266822964738
300k,32,200,50,10,0.04448418659953486,0.22185298658228927,0.5928042059837791
300k,32,200,50,50,0.12390627170073956,0.1587728946117918,0.5928042059837791
300k,32,200,50,100,0.16372796883731322,0.15208093345976445,0.5928042059837791
300k,32,200,50,300,0.3029000893909403,0.2222431572978214,0.5928042059837791
300k,32,200,50,500,0.40137460500032923,0.26512111006607836,0.5928042059837791
300k,32,200,50,1000,0.4896190724789312,0.3016598666480976,0.5928042059837791
300k,32,200,100,10,0.04448418659953486,0.22185298658228927,0.8914891559949243
300k,32,200,100,50,0.12751117436836754,0.16316204484739258,0.8914891559949243
300k,32,200,100,100,0.16922067027550095,0.15664413256372758,0.8914891559949243
300k,32,200,100,300,0.30676636858951517,0.22647118195406293,0.8914891559949243
300k,32,200,100,500,0.418785089076891,0.2757000237418906,0.8914891559949243
300k,32,200,100,1000,0.6026061667451,0.3491272609736697,0.8914891559949243
300k,32,200,200,10,0.04448418659953486,0.22185298658228927,1.3356583689241426
300k,32,200,200,50,0.12751117436836754,0.1633208050816501,1.3356583689241426
300k,32,200,200,100,0.16709531496298757,0.15558191121149226,1.3356583689241426
300k,32,200,200,300,0.3049985160295588,0.22623456065070782,1.3356583689241426
300k,32,200,200,500,0.42654676342774434,0.28037513688157156,1.3356583689241426
300k,32,200,200,1000,0.6601573739647797,0.3720838339891537,1.3356583689241426
300k,32,200,500,10,0.04448418659953486,0.22185298658228927,2.361852893189184
300k,32,200,500,50,0.12751117436836754,0.1633208050816501,2.361852893189184
300k,32,200,500,100,0.16709531496298757,0.15558191121149226,2.361852893189184
300k,32,200,500,300,0.30614268078928425,0.22673252322027096,2.361852893189184
300k,32,200,500,500,0.41983855877814275,0.27767984002352636,2.361852893189184
300k,32,200,500,1000,0.6664245387696138,0.37490528546006163,2.361852893189184
300k,32,200,1000,10,0.04448418659953486,0.22185298658228927,3.921190581566311
300k,32,200,1000,50,0.12751117436836754,0.1633208050816501,3.921190581566311
300k,32,200,1000,100,0.16709531496298757,0.15558191121149226,3.921190581566311
300k,32,200,1000,300,0.30614268078928425,0.22673252322027096,3.921190581566311
300k,32,200,1000,500,0.42045775382458234,0.2780126167672478,3.921190581566311
300k,32,200,1000,1000,0.6677213258249148,0.37495625082383155,3.921190581566311
400k,16,40,10,10,0.033320534765093175,0.19165157978526212,0.20938037318716707
400k,16,40,10,50,0.08669094803405726,0.12212809443348409,0.20938037318716707
400k,16,40,10,100,0.12072462346708648,0.11817227079669965,0.20938037318716707
400k,16,40,10,300,0.16251011095666748,0.1405517705137629,0.20938037318716707
400k,16,40,10,500,0.16251011095666748,0.1405517705137629,0.20938037318716707
400k,16,40,10,1000,0.16251011095666748,0.1405517705137629,0.20938037318716707
400k,16,40,50,10,0.04533308303416984,0.2248195149579524,0.3780845252453889
400k,16,40,50,50,0.12156241260329961,0.15474006363617887,0.3780845252453889
400k,16,40,50,100,0.16583074469639766,0.15017890480712145,0.3780845252453889
400k,16,40,50,300,0.28130064657444925,0.2092776939985087,0.3780845252453889
400k,16,40,50,500,0.34340146535311405,0.2366590274880226,0.3780845252453889
400k,16,40,50,1000,0.359793760208097,0.24373513528217278,0.3780845252453889
400k,16,40,100,10,0.04448418659953486,0.22147105242116547,0.5494168451006868
400k,16,40,100,50,0.1194916524339213,0.15265851800290767,0.5494168451006868
400k,16,40,100,100,0.16657437870723202,0.15039992497576393,0.5494168451006868
400k,16,40,100,300,0.2916011354985498,0.21439825966547002,0.5494168451006868
400k,16,40,100,500,0.3861860710800802,0.25528341376092595,0.5494168451006868
400k,16,40,100,1000,0.47764339606986633,0.29326297344507973,0.5494168451006868
400k,16,40,200,10,0.04448418659953486,0.22147105242116547,0.8133781620448357
400k,16,40,200,50,0.1216545940344981,0.1555119315890078,0.8133781620448357
400k,16,40,200,100,0.1569097303001138,0.14896003558321302,0.8133781620448357
400k,16,40,200,300,0.29525757280838205,0.2181290072025887,0.8133781620448357
400k,16,40,200,500,0.40591288789822755,0.2664431322265505,0.8133781620448357
400k,16,40,200,1000,0.5737814193033266,0.33351592110830575,0.8133781620448357
400k,16,40,500,10,0.04448418659953486,0.22147105242116547,1.442185889525143
400k,16,40,500,50,0.12372879956941019,0.15851553276539312,1.442185889525143
400k,16,40,500,100,0.15979365243421617,0.15178800133826606,1.442185889525143
400k,16,40,500,300,0.30313788480728926,0.22323086759414754,1.442185889525143
400k,16,40,500,500,0.4160039547223194,0.27382504840756444,1.442185889525143
400k,16,40,500,1000,0.6346808521006154,0.35942700683197326,1.442185889525143
400k,16,40,1000,10,0.04448418659953486,0.22147105242116547,2.324701631502984
400k,16,40,1000,50,0.1244497801029358,0.1593126146233052,2.324701631502984
400k,16,40,1000,100,0.1573248403042649,0.15070378917545516,2.324701631502984
400k,16,40,1000,300,0.3010139151274436,0.2223890504115066,2.324701631502984
400k,16,40,1000,500,0.4138385833466603,0.2728384467532352,2.324701631502984
400k,16,40,1000,1000,0.6374705726218046,0.3606894194506001,2.324701631502984
400k,32,200,10,10,0.04236042483440277,0.20439239728953879,2.29685010210807
400k,32,200,10,50,0.09170168036795842,0.1274077941191005,2.29685010210807
400k,32,200,10,100,0.13040134806640616,0.12485463131738694,2.29685010210807
400k,32,200,10,300,0.2245272373559604,0.17237692025875856,2.29685010210807
400k,32,200,10,500,0.23297818929721706,0.17623778342998997,2.29685010210807
400k,32,200,10,1000,0.23297818929721706,0.17623778342998997,2.29685010210807
400k,32,200,50,10,0.04448418659953486,0.22147105242116547,0.6713208399320904
400k,32,200,50,50,0.12155280854741213,0.15514844660348723,0.6713208399320904
400k,32,200,50,100,0.16077984750418828,0.14875358923749368,0.6713208399320904
400k,32,200,50,300,0.29236093134918806,0.2153768273654673,0.6713208399320904
400k,32,200,50,500,0.38190297940333273,0.25486568448961,0.6713208399320904
400k,32,200,50,1000,0.48680820084047083,0.2981084736331668,0.6713208399320904
400k,32,200,100,10,0.04448418659953486,0.22147105242116547,0.9190185810439289
400k,32,200,100,50,0.12300781903588459,0.15761254610529649,0.9190185810439289
400k,32,200,100,100,0.15170185707869868,0.1467815955578996,0.9190185810439289
400k,32,200,100,300,0.29983454632814116,0.22088805896124505,0.9190185810439289
400k,32,200,100,500,0.40543744491246825,0.2684732330101119,0.9190185810439289
400k,32,200,100,1000,0.5831900786891399,0.33954263058339057,0.9190185810439289
400k,32,200,200,10,0.04448418659953486,0.22147105242116547,1.3989679481662614
400k,32,200,200,50,0.12517076063646138,0.1604255743260706,1.3989679481662614
400k,32,200,200,100,0.1587668013713161,0.15208638041432931,1.3989679481662614
400k,32,200,200,300,0.3027536725018206,0.22407381009586788,1.3989679481662614
400k,32,200,200,500,0.4168418770670069,0.2746288159929618,1.3989679481662614
400k,32,200,200,1000,0.6439466108368054,0.36408810509898143,1.3989679481662614
400k,32,200,500,10,0.04448418659953486,0.22147105242116547,2.493832264965596
400k,32,200,500,50,0.12517076063646138,0.1604255743260706,2.493832264965596
400k,32,200,500,100,0.1587668013713161,0.15208158159329724,2.493832264965596
400k,32,200,500,300,0.30235448830696776,0.2237294653748219,2.493832264965596
400k,32,200,500,500,0.4160015249472371,0.2745571484145417,2.493832264965596
400k,32,200,500,1000,0.6405086452426655,0.3630096650611919,2.493832264965596
400k,32,200,1000,10,0.04448418659953486,0.22147105242116547,4.145294052585469
400k,32,200,1000,50,0.12517076063646138,0.1604255743260706,4.145294052585469
400k,32,200,1000,100,0.1587668013713161,0.15208158159329724,4.145294052585469
400k,32,200,1000,300,0.30235448830696776,0.22372391056551608,4.145294052585469
400k,32,200,1000,500,0.4160015249472371,0.27454456178060505,4.145294052585469
400k,32,200,1000,1000,0.6393483340137045,0.3619484214975411,4.145294052585469
