#,name,domain,summary,address,country,state,region,municipality,district,employee_class,organization_type,organization_size,company_register_date,company_register_court,nace_code,summary_keywords,lat,lon
1,Shimba Technologies Ltd,shimbamobile.com,"Shimba Technologies Ltd is an award-winning software solutions provider founded in 2008, specializing in designing and building innovative mobile and cloud-based software solutions. They offer services including Android development, web development, UI/UX design, and database management, aiming to streamline operations and provide value for money to SMEs and larger companies. The company prides itself on its dynamic team of experts and a commitment to quality and client satisfaction.",Muthangari RD MCK Building Nairobi Nairobi Area  Kenya,Kenya,,,,,11-50 employees,Company,Small (10-49),,,"NACE K: Telecommunication, computer programming, consulting, computing infrastructure and other information service activities","software solutions, mobile development, cloud solutions, web development, UI/UX design, database management, Android development, software provider, technology, innovation",,
2,Summer Region Sdn Bhd,summerregion.com,"Summer Region is an enterprise solutions provider specializing in custom-built software solutions for clients of various business sizes. They offer a range of services including software development, and likely consulting, to meet diverse client needs. The company operates within the technology and software development sector.","95-2 Jalan Mega Mendung 58200 Kuala Lumpur, Federal Territory  Malaysia",Malaysia,Kuala Lumpur,Kuala Lumpur,,,unknown,Company,Small (10-49),,,"NACE K: Telecommunication, computer programming, consulting, computing infrastructure and other information service activities","software solutions, enterprise solutions, custom software, software development, IT services, technology, business solutions, consulting, software provider, client services",3.078451,101.665245
3,"Centricity Technologies, Inc.",centricitytech.com,"Centricity Technologies, Inc. is a software development company that partners with businesses to leverage their expertise in software to enhance business operations. They offer services focused on understanding client needs and translating them into effective software solutions. The company aims to maximize the potential of both business knowledge and technological capabilities.",,United States,Arkansas,Washington,,,unknown,Company,Micro (0-9),,,"NACE K: Telecommunication, computer programming, consulting, computing infrastructure and other information service activities","software development, technology solutions, business optimization, custom software, IT consulting, software engineering, digital transformation, tech partnership, application development, client-focused solutions",36.070236,-94.159584
4,Sphereline s.r.o.,sphereline.com,"Sphereline is a software company specializing in mobile, web, and cloud solutions. They offer a range of software development services to clients. The company has been operating since at least 2014.",Rajhradska 3069/17 19300 Praha 9  Czechia,Czechia,Prague,Praha 20,,,unknown,Company,Micro (0-9),,,"NACE K: Telecommunication, computer programming, consulting, computing infrastructure and other information service activities","software development, mobile solutions, web solutions, cloud solutions, software company, technology, IT services",50.113632,14.632445
5,Software Solutions,softsolutions.com,"Software Solutions is a company that provides software solutions, as indicated by its name and the ""Software Solutions"" heading. The website lists contact information including a PO Box, phone number, and email address, suggesting it is an established entity offering services in the software sector. Further details about specific products or services are not provided.",Po Box 919 98596-0919 Winlock  United States,United States,,,,,0-10 employees,Company,Micro (0-9),,,"NACE K: Telecommunication, computer programming, consulting, computing infrastructure and other information service activities","software, solutions, technology, software development, IT services, business solutions, software provider, computer software, information technology, digital solutions",,
6,Slim Sumo,slimsumo.com,"Slim Sumo is a software development company comprised of engineers focused on delivering top-tier IT solutions. They specialize in creating custom, bug-free applications tailored to automate business processes and help companies advance to the next stage of their growth. Their mission is to act as a dedicated software provider, allowing clients to concentrate on core business operations while Slim Sumo handles technological automation.",44 Bute Road IG6 1AF Ilford  United Kingdom,United Kingdom,England,Greater London,Fullwell,Redbridge,unknown,Company,Micro (0-9),,,"NACE K: Telecommunication, computer programming, consulting, computing infrastructure and other information service activities","software development, IT solutions, business automation, custom applications, software provider, engineering, tailor-made software, software lifecycle, tech solutions, business growth",51.590805,0.0796279
7,Desarrollo de Software Luján,lujansoft.com,"Desarrollo de Software Luján is a company specializing in the development of software and applications. They offer technology solutions and services, with a focus on custom software creation. The company is located in Torreón, Coahuila de Zaragoza, Mexico.",526 E Main St 08807-3221 Bridgewater  United States,United States,New Jersey,Somerset,,,0-10 employees,Company,Micro (0-9),,,"NACE K: Telecommunication, computer programming, consulting, computing infrastructure and other information service activities","software development, application development, technology solutions, custom software, software services, IT consulting, web development, mobile apps, software engineering, digital solutions",40.559814,-74.55171
8,Exebit,exebit.fi,"Exebit is a software development company that offers unique solutions using the latest technologies. They specialize in creating performance-critical applications and cutting-edge web services, ensuring their code is clean, simple, and up-to-date. The company aims to provide tailored solutions to meet specific client needs and encourages potential clients to reach out via email for inquiries.",Jamerantaival 7 C 372 02150 Espoo  Finland,Finland,Southern Finland,Uusimaa,Espoo,Helsinki,0-10 employees,Company,Micro (0-9),,,"NACE K: Telecommunication, computer programming, consulting, computing infrastructure and other information service activities","software development, web services, application development, technology solutions, custom software, IT services, performance critical, innovative solutions, code quality, client tailored",60.189365,24.837246
9,Bitnikcode Oy,bitnik.fi,"Bitnikcode Oy is a company specializing in software development and consulting services. They offer expertise in creating software solutions and providing technical guidance to clients. The company operates within the technology sector, focusing on delivering value through its development and advisory capabilities.",Pl 304 121.0 Helsinki  Finland,Finland,Southern Finland,Uusimaa,Vantaa,Helsinki,0-10 employees,Company,Micro (0-9),,,"NACE K: Telecommunication, computer programming, consulting, computing infrastructure and other information service activities","software development, consulting, technology, software solutions, IT services, development, technical consulting, software engineering, digital solutions, business technology",60.283253,24.830702
10,Pecan Creek Software,pecancreeksoftware.com,"Pecan Creek Software is a software development company with over 30 years of experience creating reliable, scalable, and secure software solutions. They offer a wide range of services, from basic websites to mobile and full-stack web applications, utilizing various technologies. The company focuses on delivering high-quality, configurable, and scalable software that exceeds client expectations, backed by exceptional customer service.",7685 Ameswood Rd 77095-3301 Houston  United States,United States,,,,,0-10 employees,Company,Small (10-49),,,"NACE K: Telecommunication, computer programming, consulting, computing infrastructure and other information service activities","software development, web applications, mobile applications, business automation, information management, scalable software, custom software, digital transformation, technology partner, software solutions",,
11,Triffort Technologies Pvt Ltd,triffort.com,"Triffort Technologies is a software development company established in 2009, acting as a strategic partner for technological advancement. They specialize in creating impactful software solutions, including mobile and web applications, to drive growth and efficiency for their clients. The company emphasizes an agile approach, innovation, collaboration, and affordability in delivering high-quality, cutting-edge technology solutions.","G-78, Ground Floor 110025 Delhi  India",India,NCT of Delhi,West,,Delhi,unknown,Company,Medium-sized (50-249),,,"NACE K: Telecommunication, computer programming, consulting, computing infrastructure and other information service activities","software development, technology solutions, mobile apps, web apps, agile development, innovation, collaboration, digital transformation, tech partner, software company",28.67852,77.09977
12,"PERIGON INFOTECH, INC",perigoninfotech.com,"Perigon Infotech, Inc. is a software development and management consulting firm established in March 2006. They specialize in providing comprehensive Information Technology services and solutions, including corporate application development and integration, implementation of commercial software and SaaS, and setting up dedicated development centers. The company aims to innovate and deliver solutions that meet client requirements.",4819 Emperor Blvd 27703-0089 Durham  United States,United States,North Carolina,Durham,,,0-10 employees,Company,Small (10-49),,,"NACE K: Telecommunication, computer programming, consulting, computing infrastructure and other information service activities","software development, management consulting, Information Technology, IT solutions, corporate applications, SaaS implementation, dedicated development centers, system integration, technology services, consulting firm",35.880554,-78.84213
13,Software and Hardware Solutions,hypertechlab.co.il,"This entity focuses on the development of both software and hardware solutions. While specific details about their mission, market position, or primary offerings are limited, the website indicates a capability in creating integrated technology products. They are actively seeking inquiries through their contact form.",43 Haatzmaut Rd. 3303322.0 Haifa  Israel,Israel,,,,,11-50 employees,Company,Micro (0-9),,,"NACE K: Telecommunication, computer programming, consulting, computing infrastructure and other information service activities","software development, hardware development, technology solutions, product development, engineering, innovation, tech company, custom solutions, integrated systems, research and development",,
14,Coded Consultants Ltd,codedconsultants.com,"Coded Consultants is a development company specializing in developer tools, mobile applications, and web applications. They offer their expertise to clients looking to discuss project requirements and develop software solutions. The company is registered in England and provides contact information for inquiries.",Apollo House Hallam Way FY4 5FS Blackpool  United Kingdom,United Kingdom,England,Lancashire,Warton and Westby,Fylde,0-10 employees,Company,Micro (0-9),,,"NACE K: Telecommunication, computer programming, consulting, computing infrastructure and other information service activities","software development, developer tools, mobile applications, web applications, consulting, app development, custom software, tech solutions, IT services, project management",53.786873,-2.991372
15,XSoft Development,xsoft.ro,"XSoft Development is a company that appears to be involved in software development, as indicated by its name and the copyright notice. The website provides basic navigation to sections like 'About Us', 'Products & Services', 'Clients', and 'Contact Us', suggesting a focus on offering IT solutions and services to a client base. The phrase 'Embrace the challenge!' hints at a proactive and problem-solving approach to their work.",Str. Brasov Nr. 32 Bl. A11 Sc. C Et. P Ap. 33 Sect. 6  Bucuresti Sectorul 6  Romania,Romania,,,,,0-10 employees,Company,Micro (0-9),,,"NACE K: Telecommunication, computer programming, consulting, computing infrastructure and other information service activities","software development, IT solutions, technology, services, clients, development, programming, software, tech company, consulting",,
16,microideology,microideology.org,"microideology is a software development company that creates custom software tools to help businesses achieve their goals. They offer solutions for starting new businesses, refining existing ones with high-quality products, training, and support, and act as technical partners for innovative ideas. The company aims to provide reasonable and workable solutions for client problems.",20-22 Wenlock Road N1 7GU London  United Kingdom,United Kingdom,England,Greater London,Hoxton West,Hackney,0-10 employees,Company,Micro (0-9),,,"NACE K: Telecommunication, computer programming, consulting, computing infrastructure and other information service activities","software development, custom software, business solutions, technical partner, software tools, product development, training, support, consulting, innovation",51.53064,-0.093572
17,"EL SoftWare, Inc.",elsoftware.com,"EL SoftWare, Inc. is a software development company that provides tools for creating active websites and custom database solutions. They aim to assist businesses by offering software that addresses their specific needs. The company also appears to be involved in sponsoring and developing websites for other entities, such as harbour.wiki and SDOL School District Online.",850 State St 92101-6050 San Diego  United States,United States,California,San Diego,,,0-10 employees,Company,Micro (0-9),,,"NACE K: Telecommunication, computer programming, consulting, computing infrastructure and other information service activities","software development, web development, database solutions, custom software, business tools, website design, IT services, software solutions, SaaS, technology",32.71742,-117.16277
18,Silicom Engineering,silicom.net,"Silicom Engineering is a technology partner offering IT solutions for businesses, specializing in custom software development, web application development, and mobile app development. With over 20 years of experience, they provide consulting, assistance, and software development services to address information technology challenges. Their core business includes developing bespoke software, modular solutions, web-oriented applications, and mobile apps, alongside technology training.",,Italy,Emilia-Romagna,Rimini,,Rimini,unknown,Company,Small (10-49),,,"NACE K: Telecommunication, computer programming, consulting, computing infrastructure and other information service activities","software development, IT consulting, web applications, mobile apps, technology solutions, custom software, information technology, business solutions, software engineering, IT services",44.03795,12.60935
19,Breakthrough Technologies,breakthrough-tech.com,"Breakthrough Technologies is a software development company specializing in custom web, mobile, and enterprise solutions. They partner with early-stage ventures, progressive companies, and entrepreneurs to build scalable software products, focusing on innovative technologies and high-performing architectures. Their services aim to launch new opportunities and solve complex business problems with elegant, efficient solutions.",88 Sunnyside Blvd 11803-1591 Plainview  United States,United States,New York,Nassau,,,0-10 employees,Company,Small (10-49),,,"NACE K: Telecommunication, computer programming, consulting, computing infrastructure and other information service activities","software development, web development, mobile development, enterprise solutions, technology partner, startup development, custom software, scalable software, software architecture, tech innovation",40.79411,-73.47113
20,BTTIS,bttis.com,"BTTIS is a software development company specializing in web, mobile applications, and websites. Their core mission is to provide high-quality, robust solutions to clients, addressing software and process-related challenges. They aim to transform client challenges into efficient results through digital solutions.",,Brazil,Minas Gerais,Governador Valadares,,,unknown,Company,Small (10-49),,,"NACE K: Telecommunication, computer programming, consulting, computing infrastructure and other information service activities","software development, web development, mobile development, digital solutions, technology, IT services, custom software, process optimization, client solutions, web applications",-18.893473,-41.951126
21,wemove digital solutions,wemove.com,"wemove digital solutions is an IT partner specializing in custom software development, new technologies, and comprehensive IT project lifecycle management. They offer services from conception and design to implementation, operation, support, and maintenance. The company emphasizes creating bespoke software solutions, often utilizing open-source technologies, and has a strong commitment to continuous learning and client collaboration.",Hanauer Landstr. 52 60314 Frankfurt  Germany,Germany,Hessen,Frankfurt am Main,Frankfurt am Main,Frankfurt am Main,11-50 employees,Company,Medium-sized (50-249),,,"NACE K: Telecommunication, computer programming, consulting, computing infrastructure and other information service activities","software development, IT solutions, custom software, open source, digital solutions, IT consulting, web applications, software lifecycle, technology partner, agile development",50.112663,8.701693
22,fixonal,fixonal.com,"Fixonal is a software development company that focuses on building innovative solutions for its partners. They emphasize strong partnerships, agile development practices, and delivering value through the right solution, at the right price, and in the right timeframe. The company aims to hone its craft and provide the best possible software solutions.",160 Robinson Road #14-04 068914 Singapore  Singapore,Singapore,,,,,unknown,Company,Micro (0-9),,,"NACE K: Telecommunication, computer programming, consulting, computing infrastructure and other information service activities","software development, innovation, partnership, agile development, value delivery, software solutions, custom software, tech company, developer, client solutions",-27.369997,153.05336
23,致琢科技 (Softcrafter),vrezhou.cn,"致琢科技 (Softcrafter) is a technology company focused on providing software solutions and services. The company's motto, '致远创精 琢玉成器' (meaning 'reach far, create with excellence, polish jade into artifacts'), suggests a commitment to high-quality development and innovation. While specific services are not detailed, the website indicates a focus on software development and potentially consulting.",,China,,,,,11-50 employees,Company,Micro (0-9),,,"NACE K: Telecommunication, computer programming, consulting, computing infrastructure and other information service activities","software development, technology solutions, innovation, software services, tech company, programming, IT consulting, software engineering, quality development, tech",,
24,"Devmatics, LLC",devmatics.io,"Devmatics is a full-service software development company that specializes in building custom software, mobile applications, integration solutions, and workflow automation. They focus on transforming ideas into practical business solutions by leveraging technology to solve organizational problems. Devmatics also offers services in Big Data & Analytics, eCommerce, and business consulting, aiming to enhance client operations and achieve business objectives.",4676 Commercial St Se 97302-1902 Salem  United States,United States,Oregon,Marion,,,unknown,Company,Small (10-49),,,"NACE K: Telecommunication, computer programming, consulting, computing infrastructure and other information service activities","software development, mobile apps, integration solutions, workflow automation, custom software, eCommerce, data analytics, business consulting, technology solutions, enterprise software",44.8867,-123.032005
25,Codedealers,codedealers.nl,"Codedealers is a software development company that provides innovative software solutions and excellent service to businesses. They focus on custom development, maintenance, and improving business processes through technology. Their mission is to be a trusted partner in the technology world, helping clients achieve their vision and overcome business challenges.",Waalenburgsingel 265 1024 EV Amsterdam  Netherlands,Netherlands,Noord-Holland,Amsterdam,,,0-10 employees,Company,Small (10-49),,,"NACE K: Telecommunication, computer programming, consulting, computing infrastructure and other information service activities","software development, custom software, business solutions, technology partner, process improvement, innovation, expert developers, client collaboration, digital transformation, software supplier",52.395016,4.960485
26,ITKuantics,kuantics.com,ITKuantics is a dynamic technology company that develops intelligent software and hardware solutions for businesses. They focus on creating profitable technological solutions by leveraging agile methodologies and prioritizing security throughout the development lifecycle. Their offerings aim to maximize client value from their operations through custom applications and modern functionalities.,,México,Tamaulipas,Tampico,,,unknown,Company,Small (10-49),,,"NACE K: Telecommunication, computer programming, consulting, computing infrastructure and other information service activities","software development, hardware solutions, agile methodologies, technology solutions, business operations, custom applications, real-time notifications, adaptable platforms, IT consulting, cost-effective solutions",22.26394,-97.8753
27,"BerlinCo, Inc.",berlinco.com,"BerlinCo, Inc. is a technology company specializing in crafting custom software and web solutions to help businesses evolve and thrive. They offer services in tailored web and software development, data integrations, API solutions, and intelligent systems powered by cutting-edge technology. Their mission is to empower businesses with innovative, reliable, and scalable digital solutions.",3539 Scout Is 77494-6337 Katy  United States,United States,,,,,unknown,Company,Small (10-49),,,"NACE K: Telecommunication, computer programming, consulting, computing infrastructure and other information service activities","software development, web development, digital solutions, technology, innovation, data integration, API solutions, intelligent systems, scalability, business solutions",,
28,Heyworth Technologies,heyworth.tech,"Heyworth Technologies offers custom IT solutions and experienced, creative software developers. The company focuses on providing software development services to clients. It operates within the technology and software development sector.",Hinterdorfstrasse 1b 5603.0 Staufen  Switzerland,Switzerland,Aargau,Lenzburg,,Staufen,0-10 employees,Company,Micro (0-9),,,"NACE K: Telecommunication, computer programming, consulting, computing infrastructure and other information service activities","software development, IT solutions, custom software, developers, technology services, software engineering, outsourcing, tech consulting, digital solutions, programming",47.382584,8.16465
29,"Quaker Farms Consulting, LLC",quakerfarms.com,"Quaker Farms Consulting, LLC is a custom software development firm specializing in the design, development, and implementation of enterprise applications. They offer tailored software solutions to meet specific business needs. The company operates within the technology and consulting sector, providing expert services in application development.",683 Quaker Meeting House Rd 14472-9205 Honeoye Falls  United States,United States,New York,Monroe,,,0-10 employees,Company,Micro (0-9),,,"NACE K: Telecommunication, computer programming, consulting, computing infrastructure and other information service activities","software development, enterprise applications, custom software, application implementation, IT consulting, software design, technology solutions, business applications, software engineering, consulting services",42.969242,-77.57097
30,Krondorsoft,krondorsoft.com,"Krondorsoft is a software development company specializing in creating custom software solutions. They focus on delivering high-quality applications tailored to meet specific business needs, leveraging modern technologies and agile methodologies. The company aims to provide innovative and reliable software products and services to its clients.",Ottergemsesteenweg 354 9000 Gent  Belgium,Belgium,Vlaanderen,Oost-Vlaanderen,Gent,Gent,unknown,Company,Micro (0-9),,,"NACE K: Telecommunication, computer programming, consulting, computing infrastructure and other information service activities","software development, custom software, application development, software solutions, technology, agile methodologies, IT services, software engineering, client solutions, innovation",51.027916,3.7322898
31,Karman-Marchi Desenvolvimento,kmdesenvolvimento.com,"Karman-Marchi Desenvolvimento, founded in 2009 in São Paulo, is a software development company focused on providing versatile, flexible, and creative solutions to client problems. They leverage modern techniques and tools to deliver projects with agility, precision, and commitment to deadlines and budgets. The company prides itself on its team of talented professionals dedicated to finding optimal solutions for diverse challenges.",Rua Aristides Viadana 252 Bloco 02 Apt 104 05038-020 Sao Paulo  Brazil,Brazil,,,,,unknown,Company,Micro (0-9),,,"NACE K: Telecommunication, computer programming, consulting, computing infrastructure and other information service activities","software development, technology solutions, agile development, problem solving, custom software, project management, innovation, client services, web development, app development",,
32,Flat White Ltd,flatwhite.eu,"Flat White Ltd is a software development consultancy that describes itself as a 'small forge of software developer enthusiasts'. The company focuses on providing software consulting services. Its online presence is minimal, suggesting a niche or early-stage operation.",Hoparduc utca 18. 6. 6725 Szeged  Hungary,Hungary,Csongrád,Szeged,,,0-10 employees,Company,Micro (0-9),,,"NACE K: Telecommunication, computer programming, consulting, computing infrastructure and other information service activities","software consulting, software development, technology, consultancy, developer, enthusiasts, IT services, software solutions",46.240547,20.116226
33,AppSource,appsource.co.in,"AppSource offers innovative software solutions for businesses. While specific details about their products or services are not provided, the website indicates a focus on business software and solutions. The site also includes standard cookie consent and copyright information.",GURU RAM DASSNAGAR LAXMINAGAR 110092 Delhi Delhi  India,India,NCT of Delhi,West,,Delhi,11-50 employees,Company,Micro (0-9),,,"NACE K: Telecommunication, computer programming, consulting, computing infrastructure and other information service activities","software solutions, business software, innovative technology, software development, enterprise solutions",28.618986,77.204895
34,BarraLabs,barralabs.cl,"BarraLabs is a technology development partner focused on creating innovative software solutions. They aim to simplify users' lives and enhance business competitiveness by providing accessible technological tools and applications. With a team experienced across various industries, BarraLabs is committed to improving user efficiency and performance.",Simon Bolivar 803 Pis 1 of 2 Centro  Antofagasta  Chile,Chile,,,,,unknown,Company,Micro (0-9),,,"NACE K: Telecommunication, computer programming, consulting, computing infrastructure and other information service activities","software development, technology solutions, innovation, user applications, business competitiveness, efficiency, performance, tech partner, IT solutions, digital transformation",,
35,Dahlgren Software Consulting,dahlgrenconsulting.com,Dahlgren Software Consulting is a company that offers software consulting services. The website indicates a focus on providing expertise in software development and related solutions. It appears to be a service-oriented business within the technology sector.,914 E 23rd St 82001-3937 Cheyenne  United States,United States,Wyoming,Laramie,,,0-10 employees,Company,Micro (0-9),,,"NACE K: Telecommunication, computer programming, consulting, computing infrastructure and other information service activities","software consulting, software development, technology services, IT consulting, software solutions, consulting firm",41.152733,-104.83798
36,PRODUCTORES DE SOFTWARE,prosoft.com.co,"This company develops integrated software solutions for various economic activities, boasting over 39 years of experience. They focus on providing fast, secure, and reliable technological solutions, ensuring their software is permanently updated and offering both in-person and virtual technical support. Their mission is to create adaptable systems tailored to the specific needs of their clients' businesses.",Km 1  Villavicencio  Colombia,Colombia,Meta,Villavicencio,,,unknown,Company,Small (10-49),,,"NACE K: Telecommunication, computer programming, consulting, computing infrastructure and other information service activities","software development, system solutions, tech company, business software, IT support, software updates, enterprise solutions, custom software, experienced developer, reliable software",4.0539775,-73.71538
37,"Meyer Technologies, LLC",meyertechnologies.net,"Meyer Technologies, LLC is a software development company specializing in custom business solutions. They offer services including desktop applications, web applications, and mobile technology solutions. The company focuses on delivering tailored software to meet specific client needs, covering the entire development lifecycle from initial contact to post-installation support.",2990 S Atlantic Ave 32118-6002 Daytona Beach  United States,United States,Florida,Volusia,,,0-10 employees,Company,Micro (0-9),,,"NACE K: Telecommunication, computer programming, consulting, computing infrastructure and other information service activities","software development, custom applications, desktop applications, web applications, mobile solutions, business software, IT services, software engineering, technology solutions, software implementation",29.169119,-80.97917
38,Brain Stars Technology,brainstarstech.com,"Brain Stars Technology is a software development company specializing in creating custom and platform-based technological solutions. They offer full-cycle development services, including web design, big data analytics, software testing, cloud solutions, custom software development, systems integration, and maintenance. Their mission is to transform ideas into reality through innovative and collaborative thinking, aiming to help companies achieve their goals with impactful, industry-specific software.",29 Kirkdale Ave CV6 4LN Coventry  United Kingdom,United Kingdom,England,Coventry,Holbrook,Coventry,unknown,Company,Small (10-49),,,"NACE K: Telecommunication, computer programming, consulting, computing infrastructure and other information service activities","software development, custom solutions, web design, big data, analytics, cloud solutions, systems integration, software testing, IT services, technology solutions",52.446068,-1.5016602
39,Alliant Ventures Incorporated,alliantventures.com,"Alliant Ventures Incorporated provides software technology and programming solutions, focusing on integrated solutions and collaborative design. They offer powerful business intelligence platforms and software to help clients streamline operations and increase efficiencies. Their services aim to enhance customer interaction through technology solutions.",11655 S Tumble Brush St 80134-3094 Parker  United States,United States,,,,,unknown,Company,Micro (0-9),,,"NACE K: Telecommunication, computer programming, consulting, computing infrastructure and other information service activities","software technology, programming solutions, integrated solutions, collaborative design, business intelligence, software development, operational efficiency, customer interaction, technology solutions, platform development",,
40,Travidux,travidux.com,"Travidux is a technology partner specializing in innovative software solutions, digital transformation, quality assurance, and data analytics. They craft custom web applications, mobile apps, enterprise software, and SaaS platforms to help businesses streamline operations and achieve growth. The company focuses on building seamless code creations and connected digital solutions, aiming to position clients at the forefront of their industries.","No. 964 R, Second Floor, Kattookkaran Arcade 680307 Thrissur  India",India,,,,,unknown,Company,Small (10-49),,,"NACE K: Telecommunication, computer programming, consulting, computing infrastructure and other information service activities","software development, digital transformation, quality assurance, data analytics, custom software, web applications, mobile apps, SaaS, technology partner, IT solutions",,
41,LINKS4ENGG INDIA PVT. LTD,links4engg.com,"LINKS4ENGG is a software solution provider specializing in custom software development, web development, mobile app development, and AI applications. They aim to streamline business processes and increase productivity for clients across various industries including government, manufacturing, e-commerce, healthcare, transportation, and food. The company focuses on delivering robust, scalable, and secure solutions tailored to unique business needs.",213 Spruce St 22902-5940 Charlottesville  United States,United States,Virginia,Charlottesville,,,0-10 employees,Company,Small (10-49),,,"NACE K: Telecommunication, computer programming, consulting, computing infrastructure and other information service activities","Software Development, Web Development, Mobile App Development, AI Applications, Business Optimization, Custom Software, IT Services, Digital Transformation, Technology Solutions, Software Provider",38.02554,-78.47128
42,Vitec Software Group,3lsystem.se,Vitec Software Group is a software company that provides IT solutions for various industries. The company focuses on developing and delivering software products and services to its customers. It operates through different business units and aims to be a leading provider in its market segments.,Tvistevagen 47a 907 29 Umeaa  Sweden,Sweden,Västerbotten,Umeå,,,51-250 employees,Company,Large enterprise (250+),,,"NACE K: Telecommunication, computer programming, consulting, computing infrastructure and other information service activities","software, IT solutions, software development, business units, technology, digital solutions, enterprise software, SaaS, software provider, IT services",63.81756,20.313522
43,Vitec Software Group,itmakeriet.no,Vitec Software Group is a software company that provides IT solutions for various industries. The company focuses on developing and delivering software products and services to its customers. It operates through different business units and aims to be a leading provider in its market segments.,,Norway,Nordland,Bodø,,,unknown,Company,Large enterprise (250+),,,"NACE K: Telecommunication, computer programming, consulting, computing infrastructure and other information service activities","software, IT solutions, software development, business units, technology, digital solutions, enterprise software, SaaS, software provider, IT services",67.294876,14.446886
44,Frontyard,frontyard.co,"Frontyard is a software development company composed of experienced developers focused on new technologies. They offer their services for new projects, inviting potential clients to contact them via phone or email. The company emphasizes its passion for the art of software development.",16192 Coastal Hwy 19958-3608 Lewes  United States,United States,Delaware,Sussex,,,unknown,Company,Small (10-49),,,"NACE K: Telecommunication, computer programming, consulting, computing infrastructure and other information service activities","software development, experienced developers, new technologies, project services, tech company, coding, programming, software solutions, consulting, IT services",38.76513,-75.21166
45,tcn,tcn.pt,"tcn is a company that develops custom software and hardware solutions, specializing in web, mobile, and electronic development. They focus on integrating systems to simplify processes and deliver unique solutions tailored to client needs. Their services include website and web application development, mobile application development, and electronic development.","Avenida Engenheiro Duarte Pacheco, Torre 2 14 C 1070-102 Lisboa  Portugal",Portugal,Lisboa,Lisboa,,Santa Isabel,11-50 employees,Company,Small (10-49),,,"NACE K: Telecommunication, computer programming, consulting, computing infrastructure and other information service activities","software development, hardware solutions, web development, mobile applications, electronic development, system integration, custom solutions, technology, IT services, digital solutions",38.723812,-9.161408
46,ExApps,exapps.co.za,ExApps is a software solutions provider offering a range of products for various environments. They also provide custom development services and encourage potential clients to contact them for specific needs. The company aims to deliver tailored software solutions.,Unit 3 Marigold Place 121 Panorama Gauteng 1609.0 Kempton Park  South Africa,South Africa,,,,,unknown,Company,Micro (0-9),,,"NACE K: Telecommunication, computer programming, consulting, computing infrastructure and other information service activities","software solutions, custom development, software products, technology, software services, application development, user products, software, solutions, development",,
47,南宁云游墨客网络科技有限公司,mocklab.cn,"Nanning Yunyou Moke Network Technology Co., Ltd. is a software development company focused on delivering high-quality software solutions. Their services span enterprise applications, mobile apps, cloud solutions, big data analytics, and AI/machine learning. The company offers a full lifecycle service from analysis and design to deployment and maintenance, driven by an experienced team of developers, designers, and project managers.",,China,,,,,unknown,Company,Small (10-49),,,"NACE K: Telecommunication, computer programming, consulting, computing infrastructure and other information service activities","software development, enterprise applications, mobile apps, cloud solutions, big data, artificial intelligence, machine learning, IT services, technology solutions, software engineering",,
48,"Agileware Solutions, LLC",agileware.com,"Agileware Solutions is a technology provider specializing in custom software development, offering flexible, reliable, and affordable solutions. They focus on website development, application development (web, mobile, Windows), and legacy system integration. As a Microsoft Partner Program Member, they leverage Microsoft technologies to deliver tailored products that meet unique business needs, from e-commerce sites to integrated systems.",,United States,Ohio,Stark,,,unknown,Company,Small (10-49),,,"NACE K: Telecommunication, computer programming, consulting, computing infrastructure and other information service activities","software development, custom software, website development, application development, mobile applications, legacy system integration, e-commerce, Microsoft Partner, technology solutions, IT services",40.898373,-81.40144
49,山西百宝塔网络科技有限公司,baibaota.com,"Shanxi Baibaota Network Technology Co., Ltd. is a technology company that provides comprehensive solutions for various industries by leveraging cutting-edge internet technologies to enhance user experience. Their core services include website construction, software development, APP/mini-program development, and custom development. The company aims to prioritize customers and serve with dedication, focusing on innovation and user satisfaction.",    China,China,Gansu,Dingxi,,Tongwei,0-10 employees,Company,Small (10-49),,,"NACE K: Telecommunication, computer programming, consulting, computing infrastructure and other information service activities","website development, software development, app development, custom development, user experience, internet technology, solutions provider, technology company, network technology, digital solutions",35.000065,104.999954
50,Công Ty TNHH Công Nghệ Michita Việt Nam,michita.vn,"Michita Vietnam Technology Co., Ltd. is a software development company specializing in custom management software, website design, and mobile application development. They focus on creating user-friendly, scalable, secure, and innovative solutions tailored to client requirements. The company aims to provide high-quality software that offers distinct advantages over existing products.","No 24 Trung Yen 13, Khu Do Thi Trung Yen  Ha Noi  Vietnam",Vietnam,Hà Nội,Cầu Giấy,,Trung Hoà,0-10 employees,Company,Small (10-49),,,"NACE K: Telecommunication, computer programming, consulting, computing infrastructure and other information service activities","software development, custom software, web design, mobile app development, management software, technology solutions, app development, web application, software engineering, IT services",21.009935,105.79167
51,MultiZone IT sp. z o.o.,multizoneit.pl,"MultiZone IT sp. z o.o. is a modern IT company specializing in the creation of dedicated software solutions, including innovative web, mobile, and business applications. They focus on understanding client needs to build high-quality, user-friendly applications, supporting businesses in their digital transformation. The company also develops e-commerce platforms and offers services for both domestic and international clients.",Darlowska 3 lok. 7 04-091 Warszawa  Poland,Poland,Mazowieckie,Warszawa,,Warszawa,0-10 employees,Company,Small (10-49),,,"NACE K: Telecommunication, computer programming, consulting, computing infrastructure and other information service activities","software development, web applications, mobile applications, business solutions, e-commerce, IT services, custom software, digital transformation, software engineering, technology solutions",52.23834,21.087475
52,Apical IT Solutions Ltd.,apicalsolutions.com,"Apical IT Solutions Ltd. is a bespoke software development company founded in 2005, with headquarters in London, UK, and operations in India. They specialize in creating scalable, complex, and intuitive web and mobile technology solutions designed for positive user experiences. Their services include bespoke development, product offerings, and consulting, catering to businesses of all sizes.",79 College Road HA1 1BD Harrow  United Kingdom,United Kingdom,England,Greater London,Greenhill,Harrow,0-10 employees,Company,Medium-sized (50-249),,,"NACE K: Telecommunication, computer programming, consulting, computing infrastructure and other information service activities","software development, bespoke software, web development, mobile development, technology solutions, digital transformation, IT consulting, enterprise solutions, product development, user experience",51.58003,-0.3377357
53,Courage Software Development (CSD),courage.co.in,"Courage Software Development (CSD) is a software development company founded by experienced professionals with a passion for creating software. They emphasize continuous learning and improvement through each project they undertake. The company focuses on delivering software development services, leveraging their diverse experience to meet client needs.",H. No: 4-26 500032 Hyderabad  India,India,Telangana,Ranga Reddy,,n.a. ( 1728),unknown,Company,Micro (0-9),,,"NACE K: Telecommunication, computer programming, consulting, computing infrastructure and other information service activities","software development, custom software, technology, programming, IT services, software engineering, development team, client solutions, tech company, innovation",17.437422,78.405785
54,Innovations Technology Inc,innovationstechnology.com,"Innovations Technology Inc. is an integrated software development and consulting company established in 2002. They specialize in providing information technology solutions for business systems, leveraging current technologies. The company offers services in software development and IT consulting.",4275 Wykeshire Ct 30041-5830 Cumming  United States,United States,,,,,0-10 employees,Company,Micro (0-9),,,"NACE K: Telecommunication, computer programming, consulting, computing infrastructure and other information service activities","software development, IT consulting, business systems, technology solutions, integrated services, information technology, company, consulting, development, solutions",,
55,Usi Software e Tecnologia,usisoft.com.br,"Usi Software e Tecnologia is a company specializing in software development and technology solutions. They offer a client call management system and develop modern systems for corporate management, focusing on the information management and infrastructure consulting segments. Their mission is to provide advanced technological solutions to meet market demands.",Rua Vera Lucia 158 Casa 3 31530-600 Belo Horizonte  Brazil,Brazil,,,,,unknown,Company,Micro (0-9),,,"NACE K: Telecommunication, computer programming, consulting, computing infrastructure and other information service activities","software development, technology solutions, call management system, corporate management, information management, infrastructure consulting, tech consulting, software, technology, business solutions",,
56,Kol3 SAS,kol3.co,"Kol3 SAS is a software solutions factory that specializes in designing and developing custom software products, mobile applications, and websites. They offer services such as dedicated development teams, technology selection assistance, software maintenance, and API REST integration. Their mission is to help businesses optimize and grow by providing tailored technology solutions that keep them ahead of the competition.",79 05 of 208 813.0 Bogota  Colombia,Colombia,,,,,unknown,Company,Micro (0-9),,,"NACE K: Telecommunication, computer programming, consulting, computing infrastructure and other information service activities","software development, mobile applications, web development, API integration, dedicated development team, technology consulting, software maintenance, custom software, product development, business solutions",,
57,泸州市龙马潭区龙驰科技有限公司,lzlckj.cn,"Luzhou Longmatan District Longchi Technology Co., Ltd. is a wholly-owned subsidiary of Longchi Group, established in December 2016. The company specializes in providing software and hardware solutions and services for government agencies and enterprises. Their business scope includes software development, data processing and storage, network technology promotion, electronic and intelligent engineering contracting, IT consulting, and computer sales.",,China,,,,,0-10 employees,Company,Small (10-49),,,"NACE K: Telecommunication, computer programming, consulting, computing infrastructure and other information service activities","software development, hardware solutions, IT consulting, intelligent engineering, data processing, network technology, government solutions, enterprise solutions, system integration, technology services",,
58,Intergrace Pty Ltd,intergrace.com.au,"Intergrace Pty Ltd is a software company that provides high-performance, scalable, and fault-tolerant enterprise application solutions. They specialize in development, integration, and support for industries such as finance, insurance, and telecommunications. The company focuses on deploying solutions on existing application servers, including free/open-source options, and works on projects of varying scales."," Se 12 L 3, 30 Atchison St 2065.0 St Leonards  Australia",Australia,Victoria,Greater Geelong,,,0-10 employees,Company,Small (10-49),,,"NACE K: Telecommunication, computer programming, consulting, computing infrastructure and other information service activities","software development, enterprise applications, IT solutions, integration services, scalability, fault tolerance, financial industry, telecommunications, agile development, software support",-38.181904,144.71146
59,iziTech,izitech.co.uk,"iziTech is a software development company that provides custom software solutions, expert consulting, and ongoing maintenance and support services. They specialize in building scalable and innovative software tailored to the specific needs of businesses of all sizes. The company emphasizes high-quality code, transparent communication, and exceptional post-launch customer support.",c/o Sg Accounting BH21 7SB Wimborne  United Kingdom,United Kingdom,,,,,unknown,Company,Small (10-49),,,"NACE K: Telecommunication, computer programming, consulting, computing infrastructure and other information service activities","software development, software consulting, custom software, technology strategy, software infrastructure, maintenance, support, scalability, innovation, business solutions",,
60,"LiST Interactive, Ltd.",listinteractive.net,"LiST Interactive, Ltd. is a boutique software developer that specializes in designing, building, and operating custom technology solutions for unique client organizations. They focus on addressing specific client needs with tailored software and operational support.",475 Speedwell Ave 07950-2149 Morris Plains  United States,United States,New Jersey,Morris,,,unknown,Company,Micro (0-9),,,"NACE K: Telecommunication, computer programming, consulting, computing infrastructure and other information service activities","software development, technology solutions, custom software, boutique developer, client-specific needs, operations, website builder, IT services",40.82507,-74.48007
61,In Pocket Solutions,teacheraidepro.com,"In Pocket Solutions is a company that appears to offer mobile applications, as indicated by the 'Apps' link on its website. The company's website provides basic navigation and copyright information, suggesting a focus on software development or app distribution. Further details about their specific services, mission, or market position are not readily available from the provided text.",475 Boul Talbot G7H 4A3 Chicoutimi  Canada,Canada,Québec,Le Fjord-du-Saguenay,,Chicoutimi,0-10 employees,Company,Micro (0-9),,,"NACE K: Telecommunication, computer programming, consulting, computing infrastructure and other information service activities","mobile applications, software development, app distribution, tech company, digital solutions, solutions provider",48.423813,-71.04198
62,"LiST Interactive, Ltd.",figtree.com,"LiST Interactive, Ltd. is a boutique software developer that specializes in designing, building, and operating custom technology solutions for unique client organizations. They focus on addressing specific client needs with tailored software and operational support.",101 Gibraltar Dr 07950-1287 Morris Plains  United States,United States,New Jersey,Morris,,,11-50 employees,Company,Micro (0-9),,,"NACE K: Telecommunication, computer programming, consulting, computing infrastructure and other information service activities","software development, technology solutions, custom software, boutique developer, client-specific needs, operations, website builder, IT services",40.85679,-74.48808
63,Datain Italia s.r.l.,datain.it,"Datain Italia s.r.l. is an IT company with over twenty years of experience in creating custom software applications using modern technologies. They specialize in developing reliable and innovative software solutions, offering cloud services, tech support, data security, and full-cycle software development. Their mission is to support clients long-term with expertise and continuity, ensuring solid and evolving business processes.",Via Cavour 3 22020 Colverde  Italy,Italy,Veneto,Vicenza,,Mason Vicentino,0-10 employees,Company,Small (10-49),,,"NACE K: Telecommunication, computer programming, consulting, computing infrastructure and other information service activities","software development, custom applications, cloud services, tech support, data security, IT consulting, software solutions, business process evolution, reliable software, innovative solutions",45.716312,11.637338
64,Datain Italia s.r.l.,datainitalia.it,"Datain Italia s.r.l. is an IT company with over twenty years of experience in creating custom software applications using modern technologies. They specialize in developing reliable and innovative software solutions, offering cloud services, tech support, data security, and full-cycle software development. Their mission is to support clients long-term with expertise and continuity, ensuring solid and evolving business processes.",Via Attilio Lenticchia 16 22100 Como  Italy,Italy,Lombardia,Como,,Como,unknown,Company,Small (10-49),,,"NACE K: Telecommunication, computer programming, consulting, computing infrastructure and other information service activities","software development, custom applications, cloud services, tech support, data security, IT consulting, software solutions, business process evolution, reliable software, innovative solutions",45.80003,9.093123
65,КодИТ,kodit.dev,"КодИТ is a custom software development company that provides a full cycle of IT solutions, from idea to launch. They specialize in web services, mobile applications, and desktop applications, acting as a technological partner for their clients. The company focuses on analysis, custom development, 24/7 support, and product evolution, aiming to deliver software that drives business growth and solves specific client needs.","Ul. generala rychagova d. 9, kv. 38 125183 Moscow  Russia",Russia,,,,,unknown,Company,Small (10-49),,,"NACE K: Telecommunication, computer programming, consulting, computing infrastructure and other information service activities","software development, web services, mobile applications, desktop applications, IT solutions, custom software, technological partner, product development, IT consulting, software engineering",,
66,UMBILHO DEVELOPMENTS,umbhilo.co.za,"Umbhilo Developments is an innovative software development company that offers custom software integration solutions, mobile development, responsive web development, data warehousing, ERP integrations, hosting solutions, and social media marketing. They aim to help businesses grow by leveraging technology to automate data collection, provide insights, and enhance digital presence. Their focus is on partnering with clients to deliver value-added solutions.",18 Andre St 2091.0 Johannesburg  South Africa,South Africa,Gauteng,City of Johannesburg,88,City of Johannesburg,unknown,Company,Micro (0-9),,,"NACE K: Telecommunication, computer programming, consulting, computing infrastructure and other information service activities","software development, custom software, mobile development, web development, data warehousing, ERP integration, hosting solutions, social media marketing, business growth, technology solutions",-26.177029,27.996714
67,Reliable Paradigm,reliableparadigm.com,"Reliable Paradigm is a boutique software and technology solutions provider that offers high-end technical development and consulting services. Their mission is to deliver unmatched quality technological results quickly to businesses and government organizations by challenging the status quo and thinking differently. They specialize in various software development platforms with a diverse team of developers, technologists, and testers.",704 Summit Lake Ct 37922-3156 Knoxville  United States,United States,,,,,0-10 employees,Company,Micro (0-9),,,"NACE K: Telecommunication, computer programming, consulting, computing infrastructure and other information service activities","software development, technology consulting, database tuning, optimization, technical solutions, boutique provider, government services, high-end development, software testing, technology services",,
68,Reivertech Limited,reivertech.co.uk,"Reivertech Limited is a software development and consulting company with over 25 years of expertise. They offer software development services and consulting, leveraging their extensive experience in the field. The company is registered in England and Wales.",8 Linnet Court NE66 2GD Alnwick  United Kingdom,United Kingdom,England,Northumberland,Alnwick,Northumberland,0-10 employees,Company,Micro (0-9),,,"NACE K: Telecommunication, computer programming, consulting, computing infrastructure and other information service activities","software development, consulting, IT services, technology, enterprise software, custom software, digital transformation, software solutions, technical expertise, business solutions",55.39719,-1.6920533
69,Softbyte Labs,softbytelabs.com,"Softbyte Labs is a software development company specializing in creating custom software solutions. They offer services such as web development, mobile app development, and cloud solutions, aiming to help businesses leverage technology for growth and efficiency. The company focuses on delivering high-quality, scalable, and innovative software tailored to client needs.",Tweelingenstraat 45 2018.0 Antwerpen  Belgium,Belgium,Vlaanderen,Antwerpen,Antwerpen,Antwerpen,unknown,Company,Small (10-49),,,"NACE K: Telecommunication, computer programming, consulting, computing infrastructure and other information service activities","software development, custom software, web development, mobile app development, cloud solutions, technology, innovation, business solutions, software engineering, IT services",51.20803,4.434976
70,Codecraft,codecraft.co.jp,"Codecraft is a software development company with decades of experience in system development. They specialize in creating sophisticated technology and providing deep insights to address unique business challenges, aiming to reflect customer needs accurately into their systems. Their mission is to achieve customer success by continuously creating optimal solutions.","1-37 Asama Honcho, Fuji-shi, Shizuoka  Fuji  Japan",Japan,Shizuoka,Oyama,,,11-50 employees,Company,Small (10-49),,,"NACE K: Telecommunication, computer programming, consulting, computing infrastructure and other information service activities","software development, system development, technology solutions, business challenges, customer success, optimal solutions, software engineering, custom software, IT consulting, system integration",35.371475,138.93164
71,Ajit,ajit.dk,"Ajit develops professional software for durable solutions across various domains. They collaborate with businesses of all sizes on projects, leveraging 26 years of experience with both established and cutting-edge technologies. The company focuses on creating robust and lasting software.",Allinggardsvej 97 8600.0 Silkeborg  Denmark,Denmark,Midtjylland,Silkeborg,,,unknown,Company,Micro (0-9),,,"NACE K: Telecommunication, computer programming, consulting, computing infrastructure and other information service activities","software development, professional software, durable solutions, technology, consulting, project management, experienced developer, national solutions, international solutions, software engineering",56.231518,9.662032
72,Bivio,bivio.biz,"Bivio is a technology partner specializing in new application development and legacy system integration, offering comprehensive technology solutions from conception to ongoing operations. Since 1998, they have focused on delivering innovative technology and out-of-the-box thinking to delight clients and their users. They operate with a unique satisfaction-based payment guarantee, ensuring clients only pay if they are satisfied with the services provided.",3945 Freedom Cir 95054-1269 Santa Clara  United States,United States,California,Santa Clara,,,0-10 employees,Company,Micro (0-9),,,"NACE K: Telecommunication, computer programming, consulting, computing infrastructure and other information service activities","technology solutions, application development, legacy integration, technology partner, software development, devops, infrastructure, user satisfaction, tech consulting, custom software",37.39466,-121.94618
73,IT Creator,it-creator.rs,"IT Creator is a technology services company founded in 2014 in Belgrade, Serbia, specializing in the development of innovative software solutions. They focus on optimizing business processes, enhancing performance, and maximizing IT investment returns for clients across various industries. The company offers integrated solutions, including data analytics, mobility, and digital technology, with a commitment to long-term partnerships and continuous innovation.",Milesevska 36A/2/9 11000 Beograd (Vracar)  Serbia,Serbia,Grad Beograd,Palilula,,,0-10 employees,Company,Small (10-49),,,"NACE K: Telecommunication, computer programming, consulting, computing infrastructure and other information service activities","software development, IT solutions, business process optimization, data analytics, digital technology, mobile applications, web applications, cloud technology, telecommunications, call center solutions",44.80134,20.475899
74,EachLab Ltd,eachlab.co.uk,"EachLab Ltd is a software development company based in Cambridge, UK, specializing in bespoke website development, cloud-native web and enterprise systems, and mobile applications. They also produce and publish their own web and mobile applications, offering examples through app store links. The company aims to provide tailored software solutions to its clients.",10a Abbey Street CB1 2QP Cambridge  United Kingdom,United Kingdom,England,Cambridgeshire,Abbey,Cambridge,unknown,Company,Micro (0-9),,,"NACE K: Telecommunication, computer programming, consulting, computing infrastructure and other information service activities","software development, web development, mobile applications, enterprise systems, cloud-native, bespoke software, app development, UK, Cambridge, technology solutions",52.20795,0.1393987
75,Probis Solutions Oy,probissolutions.fi,"Probis Solutions Oy is a software development partner that helps businesses turn ideas into functional software solutions. They offer comprehensive services including software design and implementation, catering to both large information systems and lighter software applications. The company emphasizes a collaborative approach, treating client projects with dedication and ambition to achieve successful outcomes.",Yliopistonkatu 36 40100 Jyvaskyla  Finland,Finland,Western Finland,Central Finland,Jyväskylä,Jyväskylä,11-50 employees,Company,Small (10-49),,,"NACE K: Telecommunication, computer programming, consulting, computing infrastructure and other information service activities","software development, custom software, IT solutions, software engineering, digital transformation, application development, system integration, project management, tech partner, business solutions",62.244267,25.748144
76,Probis Solutions Oy,probis.fi,"Probis Solutions Oy is a software development partner that helps businesses turn ideas into functional software solutions. They offer comprehensive services including software design and implementation, catering to both large information systems and lighter software applications. The company emphasizes a collaborative approach, treating client projects with dedication and ambition to achieve successful outcomes.",Hatanpaan valtatie 13 33100.0 Tampere  Finland,Finland,Western Finland,Pirkanmaa,Tampere,Tampere,unknown,Company,Small (10-49),,,"NACE K: Telecommunication, computer programming, consulting, computing infrastructure and other information service activities","software development, custom software, IT solutions, software engineering, digital transformation, application development, system integration, project management, tech partner, business solutions",61.49108,23.77075
77,Codesquad Devs PLT,codesquad.com.my,"Codesquad is a software development company based in Malaysia that specializes in creating imaginative, innovative, and vibrant application solutions. They offer a full spectrum of services including backend development, frontend development, mobile app development, and cloud solution architecture. Their mission is to bring applications to life by transforming ideas into captivating and intuitive user experiences across various platforms.","No. 49, 1st Floor, Lorong 4f1 93350 Kuching, Sarawak  Malaysia",Malaysia,,,,,unknown,Company,Small (10-49),,,"NACE K: Telecommunication, computer programming, consulting, computing infrastructure and other information service activities","software development, application development, backend development, frontend development, mobile app development, cloud solutions, UI/UX design, API integration, AWS, innovative solutions",,
78,Seaprone GmbH,seaprone.ch,"Seaprone is a software company that develops standard and custom solutions for businesses and individuals. They aim to improve lives through technology and positive social change, creating products that integrate seamlessly into daily activities. Their services include turnkey solutions, enterprise integration, modernization of legacy systems, service automation, expert training, and custom business solutions, all designed to enable sustainable growth through technology and agility.",Platz 4 6039.0 Root D4  Switzerland,Switzerland,Lucerne,Luzern,,Dierikon,0-10 employees,Company,Micro (0-9),,,"NACE K: Telecommunication, computer programming, consulting, computing infrastructure and other information service activities","software development, custom solutions, enterprise integration, system modernization, service automation, expert training, agile development, technology solutions, business growth, IT services",47.103638,8.374658
79,DevInMotion,devinmotion.co,"DevInMotion is a technology and services provider offering scalable solutions for businesses of all sizes. They specialize in software development, creating high-quality products, and providing consulting services in areas like system architecture, continuous integration, and technology evaluation. Their mission is to align business goals with technological solutions, fostering growth and efficiency for their clients.",69 B 73  Bogota  Colombia,Colombia,Bogotá D.C.,Bogotá D.C.,,,unknown,Company,Medium-sized (50-249),,,"NACE K: Telecommunication, computer programming, consulting, computing infrastructure and other information service activities","software development, technology solutions, consulting, scalability, agile methodologies, custom development, B2B products, B2C products, ERP, integration",4.6842384,-74.08776
80,Apontech,apontech.com,"Apontech is a software development company that positions itself as a business partner, offering expertise and services across the enterprise. They specialize in professional software development services, including web development, and aim to provide solutions for businesses seeking technological assistance. The company emphasizes its role in delivering comprehensive enterprise solutions.",16905 Korat Ln 78681-3863 Austin  United States,United States,,,,,0-10 employees,Company,Small (10-49),,,"NACE K: Telecommunication, computer programming, consulting, computing infrastructure and other information service activities","software development, web development, enterprise solutions, technology services, business partner, IT consulting, custom software, software engineering, digital transformation, tech company",,
81,Millvale Limited,millvale.net,"Millvale Limited is a software solutions provider specializing in high-end, cutting-edge technologies. They offer comprehensive solutions in client/server, desktop, and web-based applications. The company aims to be a global leader by delivering state-of-the-art software and services, with a focus on understanding client business needs to provide highly customized solutions.",22 Camlough Road BT35 6JP Newry  United Kingdom,United Kingdom,Northern Ireland,"Newry, Mourne and Down",Camlough,Newry and Mourne,11-50 employees,Company,Small (10-49),,,"NACE K: Telecommunication, computer programming, consulting, computing infrastructure and other information service activities","Software Solutions, Cutting-edge Technologies, Client/Server, Desktop Applications, Web Applications, Customized Solutions, Software Development, IT Services, Technology Provider, Global Leader",54.182594,-6.4020524
82,Code Sharp,codesharp.nl,"Code Sharp is a software solutions provider specializing in fast, secure, and scalable software development. They focus on understanding client business needs to deliver innovative solutions that drive efficiency and growth. The company offers software development, continuous innovation through testing and feedback, and dedicated support to ensure optimal performance.",Veemarktkade 8 5222 AE 'S-Hertogenbosch  Netherlands,Netherlands,Noord-Brabant,'s-Hertogenbosch,,,0-10 employees,Company,Small (10-49),,,"NACE K: Telecommunication, computer programming, consulting, computing infrastructure and other information service activities","software development, scalable solutions, secure software, innovation, digital transformation, consulting, software enhancement, client support, technology integration, business efficiency",51.70193,5.284834
83,ASTIRET,astiret.com,ASTIRET is a company specializing in software development and web application creation. They offer proprietary products as well as custom-built solutions tailored to client needs. Their services cater to businesses looking for specialized software and web development expertise.,Starorimska 1371/4 85110 Bratislava-Rusovce  Slovakia,Slovakia,Bratislavský,Bratislava V,,,unknown,Company,Micro (0-9),,,"NACE K: Telecommunication, computer programming, consulting, computing infrastructure and other information service activities","software development, web applications, custom solutions, IT services, web development, software products, business solutions, technology, online services, application development",48.0426,17.157288
84,Eve Infotec,eveinfotec.in,"Eve Infotec offers innovative software solutions, as indicated by its tagline. The company appears to be involved in the technology sector, providing software development or related services. Further details about specific products, services, or its mission are not provided on the website.",No: 15 Varadharaja Perumal Nagar 600048 Kanchipuram  India,India,,,,,unknown,Company,Micro (0-9),,,"NACE K: Telecommunication, computer programming, consulting, computing infrastructure and other information service activities","software solutions, innovative technology, software development, IT services, tech company",,
85,Yellowtwig BV,yellowtwig.nl,"Yellowtwig BV is an IT company focused on simplifying complex software development for businesses. Their mission is to establish IT as a reliable partner by emphasizing mutual understanding and delivering on promises. They avoid quick wins and 'hit and run' projects, preferring to ensure software is well-implemented and used effectively, even if it means not always doing exactly what is asked.",Kolbergstraat 19 8232 RM Lelystad  Netherlands,Netherlands,Flevoland,Lelystad,,,0-10 employees,Company,Micro (0-9),,,"NACE K: Telecommunication, computer programming, consulting, computing infrastructure and other information service activities","software development, IT consulting, business solutions, complex software, reliable IT partner, implementation, custom software, technology, IT services, business understanding",52.51183,5.4692106
86,Treksoft Robert Jaros,treksoft.pl,"Treksoft is an IT solutions provider specializing in the design, creation, and development of software using the latest technological advancements. They focus on understanding client needs and actively collaborate throughout the analysis, requirements gathering, and implementation phases. The company emphasizes high productivity through evolutionary prototyping and agile methodologies, with extensive experience in complex systems and solving non-trivial technical challenges.",Wladyslawa Reymonta 5 93-491 Lodz  Poland,Poland,Łódzkie,Łódź,,Łódź,0-10 employees,Company,Micro (0-9),,,"NACE K: Telecommunication, computer programming, consulting, computing infrastructure and other information service activities","software development, IT solutions, custom software, agile methodologies, prototyping, complex systems, technical consulting, software engineering, client collaboration, technology solutions",51.742603,19.463383
87,4Loop Ltd,4loop.co.uk,"4Loop Ltd is a software engineering company specializing in the creation of robust and scalable solutions for web, mobile, and desktop applications. They offer end-to-end development services, guiding clients from initial concept and strategy through deployment and ongoing support. Their expertise lies in building custom software to meet diverse client needs.",W8A Knoll Business Centre BN3 7GS Hove  United Kingdom,United Kingdom,England,Brighton and Hove,Hangleton and Knoll,Brighton and Hove,0-10 employees,Company,Micro (0-9),,,"NACE K: Telecommunication, computer programming, consulting, computing infrastructure and other information service activities","software engineering, web development, mobile development, desktop applications, scalable solutions, full lifecycle development, custom software, IT services, technology solutions, software development",50.838936,-0.2008174
88,CDS,codedialog.com,"CDS is a company that specializes in providing innovative technical business solutions, application development, and product development. They combine business and design services with deep technical proficiency to create compelling customer experiences across the entire software lifecycle. Their mission is to deliver world-class solutions and products by understanding rapidly changing requirements and fulfilling commitments.",Flat No. 403 500045.0   India,India,Maharashtra,Mumbai Suburban,,n.a. ( 1557),unknown,Company,Small (10-49),,,"NACE K: Telecommunication, computer programming, consulting, computing infrastructure and other information service activities","software solutions, application development, product development, technical consulting, customer experience, business solutions, design services, software lifecycle, innovation, quality",19.14725,72.8311
89,Mattafix,mattafix.net,"Mattafix is a software development company specializing in full-cycle web and mobile application development, from prototyping and design to implementation, support, and maintenance. They focus on creating custom solutions that help clients stand out in the market and position them at the forefront of technology. Based in Pretoria, Mattafix serves clients across South Africa and internationally.",289 Stokkiesdraai St 165.0 Pretoria  South Africa,South Africa,Gauteng,City of Tshwane,42,City of Tshwane,unknown,Company,Small (10-49),,,"NACE K: Telecommunication, computer programming, consulting, computing infrastructure and other information service activities","software development, web application development, mobile application development, custom software, prototyping, design, implementation, support, maintenance, technology solutions",-25.810696,28.25577
90,DevPipeline,devpipeline.com,"DevPipeline is an insourced software development partner that helps businesses streamline processes, automate tasks, and reduce overhead by building custom software solutions. They offer services in workflow and data management, integrations, cross-platform apps, e-commerce, and custom CRMs. DevPipeline also focuses on transforming existing employees into skilled software developers, fostering internal talent and providing greater control over software development.",,United States,Utah,Utah,,,unknown,Company,Small (10-49),,,"NACE K: Telecommunication, computer programming, consulting, computing infrastructure and other information service activities","software development, insourced development, custom software, automation, workflow management, data management, app development, talent development, business solutions, software partnership",40.311226,-111.683495
91,Pinnacle,pinnaclevl.com,"Pinnacle is a software development and consulting firm based in Scotland, founded in 2012. They specialize in engineering innovative and ingeniously simple software solutions to address business, design, and technological challenges. The company offers custom-designed software, consultancy services like feasibility studies and legacy system reviews, and bespoke development for commercialization or internal systems. Pinnacle emphasizes an agile, collaborative approach, involving clients throughout the development process to deliver cost-effective and time-saving solutions across all industries.",701 Rose Dr 48103-2102 Ann Arbor  United States,United States,Michigan,Washtenaw,,,11-50 employees,Company,Small (10-49),,,"NACE K: Telecommunication, computer programming, consulting, computing infrastructure and other information service activities","software development, consulting, innovative solutions, digital transformation, bespoke software, agile development, business solutions, technology consulting, product development, user experience",42.228058,-83.73938
92,Envisage Software (Pty) Ltd,envisagesoftware.co.za,"Envisage Software (Pty) Ltd appears to be a software development company offering solutions, functionality, and benefits to its clients. The website provides basic navigation to sections like 'About us', 'Solutions', 'Functionality', 'Benefits', and 'Contact'. The copyright notice suggests it is an active entity.",14 Sangiro Rd 7500.0 Parow  South Africa,South Africa,,,,,unknown,Company,Micro (0-9),,,"NACE K: Telecommunication, computer programming, consulting, computing infrastructure and other information service activities","software development, solutions, technology, business solutions, software company, functionality, benefits, consulting, IT services, software",,
93,Apptekz,apptekz.com,Apptekz appears to be a technology company focused on providing software development and IT consulting services. The website indicates a focus on creating custom applications and solutions for businesses. It aims to leverage technology to help clients achieve their goals.,421 N Bay St 32726-3436 Eustis  United States,United States,Florida,Volusia,,,unknown,Company,Small (10-49),,,"NACE K: Telecommunication, computer programming, consulting, computing infrastructure and other information service activities","software development, IT consulting, custom applications, technology solutions, app development, web development, mobile development, digital transformation, tech services, business solutions",29.036535,-81.300545
94,Swift-Soft,swift-soft.ru,"Swift-Soft is a technology company specializing in the design and development of reliable software solutions for businesses and operators. They offer services including frontend and backend development, mobile applications, and custom system development. The company emphasizes using modern technologies, innovative approaches, and providing end-to-end support to ensure high-quality, tailored solutions for their clients.","Ul. 3-ya yamskogo polya d. 2, k. 26, kom. 33 125124 Moscow  Russia",Russia,,,,,11-50 employees,Company,Small (10-49),,,"NACE K: Telecommunication, computer programming, consulting, computing infrastructure and other information service activities","software development, custom solutions, mobile applications, frontend development, backend development, business technology, IT services, software engineering, system integration, technical support",,
95,BiGanSoft,bigansoft.pl,"BiGanSoft is an IT company specializing in software development and IT solutions. They focus on translating client needs into code, offering services such as custom project development, rapid implementation, and ongoing support. The company emphasizes partnership with clients, speed, reliability, and a passionate approach to technology.",Zielone Laki 12 lok. 1 05-220 Zielonka  Poland,Poland,Mazowieckie,Wołomin,,Zielonka,unknown,Company,Micro (0-9),,,"NACE K: Telecommunication, computer programming, consulting, computing infrastructure and other information service activities","software development, IT solutions, custom software, system integration, IT consulting, application development, client partnership, technical support, project management, new technologies",52.31496,21.171965
96,Khwarezmi,khwarezmi.nl,"Khwarezmi is a software development company that creates clean, reliable software solutions. They offer services including building applications from scratch, integrating experienced developers into existing teams, and providing consulting on software development processes. Their approach emphasizes understanding both technical details and the broader project context to deliver scalable and maintainable solutions.",Plantboorstraat 3 1445 RZ Purmerend  Netherlands,Netherlands,Noord-Holland,Purmerend,,,0-10 employees,Company,Micro (0-9),,,"NACE K: Telecommunication, computer programming, consulting, computing infrastructure and other information service activities","software development, application development, team integration, process consulting, scalable solutions, maintainable code, software engineering, custom software, IT consulting, workflow optimization",52.50717,4.979876
97,"TwistResources, Inc.",twistresources.com,"TwistResources specializes in transforming ideas into high-performance digital solutions, including web and mobile applications. They leverage their ToolTwist development platform for rigorous testing and optimization, aiming to deliver complex logic and mission-critical applications on time and within budget. The company positions itself as a provider of serious solutions for serious organizations.",Office Ctr 07 An and K Berthaphil Clark Ctr Jose Abad Santos Ave Clark Freeport Zone Clark 2009 Angeles  Philippines,Philippines,Pampanga,Mabalacat,,Macapagal Village,unknown,Company,Medium-sized (50-249),,,"NACE K: Telecommunication, computer programming, consulting, computing infrastructure and other information service activities","digital solutions, web applications, mobile applications, software development, application development, testing, optimization, mission critical applications, development platform, IT services",15.180351,120.51193
98,Inputronics,inputronics.com.sg,"Inputronics is a customized solutions provider offering full-service support and software development tailored to meet specific customer requirements. The company focuses on delivering reliable products and services to address diverse organizational needs, aiming to contribute to business success through its offerings.",E-Centre @ Redhill 159471 Singapore  Singapore,Singapore,Central,,,,unknown,Company,Micro (0-9),,,"NACE K: Telecommunication, computer programming, consulting, computing infrastructure and other information service activities","software development, customized solutions, business support, IT services, product development, customer requirements, organizational needs, tech solutions, service provider, business success",1.27661,103.841156
99,Glacier Infotech,glacierinfotech.com,"Glacier Infotech is a software development firm offering a comprehensive range of IT solutions including software, database, web solutions, and system integration. They aim to provide competitive advantages to businesses, government entities, schools, and hospitals through information technology. Their services cater to diverse client needs across various sectors.",2225 W Toledo Pl 90631-5079 La Habra  United States,United States,California,Orange,,,0-10 employees,Company,Small (10-49),,,"NACE K: Telecommunication, computer programming, consulting, computing infrastructure and other information service activities","Software Development, Database Development, Web Solutions, System Integration, IT Services, Information Technology, Business Solutions, Enterprise Solutions, Technology Consulting, Software Firm",33.92888,-117.97056
100,F.I.T. Gesellschaft für Fach-Informations-Technologie mbH,fachinformationstechnologie.de,"F.I.T. Gesellschaft für Fach-Informations-Technologie mbH is a software development and IT consulting company founded in 1993. They specialize in creating custom software solutions, providing conceptualization, and supporting clients throughout all project phases, from initial design to launch. The company leverages its extensive IT expertise and a team of experienced programmers, designers, and project managers to deliver user-oriented, sustainable, and cost-effective software projects.",Fritz-Vomfelde-Str. 34 40547 Duesseldorf  Germany,Germany,Nordrhein-Westfalen,Düsseldorf,Düsseldorf,Düsseldorf,0-10 employees,Company,Small (10-49),,,"NACE K: Telecommunication, computer programming, consulting, computing infrastructure and other information service activities","software development, IT consulting, custom software, project management, software solutions, IT expertise, user-oriented design, sustainable development, cost-effective solutions, technology",51.240505,6.736883
